{
    "$schema": "https://schema.management.azure.com/schemas/2019-04-01/deploymentTemplate.json#",
    "contentVersion": "1.0.0.0",
    "parameters": {
        "location": {
            "type": "string",
            "defaultValue": "[resourceGroup().location]",
            "metadata": {
                "description": "Specify the location for the Azure resources"
            }
        }        
    },
    "variables": {
        "artifacts": {
            "vnet": "[uri(deployment().properties.templateLink.uri, 'nestedtemplates/vnet.json')]",
            "azureSqlServer": "[uri(deployment().properties.templateLink.uri, 'nestedtemplates/azureSqlServer.json')]",
            "vms": "[uri(deployment().properties.templateLink.uri, 'nestedtemplates/vms.json')]",
            "loadBalancer": "[uri(deployment().properties.templateLink.uri, 'nestedtemplates/loadBalancer.json')]"
        }
    },
    "resources": [
        {
            "type": "Microsoft.Resources/deployments",
            "apiVersion": "2023-07-01",
            "name": "vnet",
            "properties": {
                "mode":"Incremental",
                "templateLink": {
                    "contentVersion": "1.0.0.0",
                    "uri": "[variables('artifacts').vnet]"
                }
            }
        },
        {
            "type": "Microsoft.Resources/deployments",
            "apiVersion": "2023-07-01",
            "name": "azureSqlServer",
            "dependsOn": [
                "vnet"
            ],
            "properties": {
                "mode":"Incremental",
                "templateLink": {
                    "contentVersion": "1.0.0.0",
                    "uri": "[variables('artifacts').azureSqlServer]"
                }
            }
        },
        {
            "type": "Microsoft.Resources/deployments",
            "apiVersion": "2023-07-01",
            "name": "vms",
            "dependsOn": [
                "vnet",
                "azureSqlServer"
            ],
            "properties": {
                "mode":"Incremental",
                "templateLink": {
                    "contentVersion": "1.0.0.0",
                    "uri": "[variables('artifacts').vms]"
                },
                "parameters": {
                    "location": {
                        "value": "[parameters('location')]"
                    },
                    "extensions_CustomScript_fileUris": {
                        "value": "https://stgismarketplacepoc.blob.core.windows.net/customextension/empty.sh"
                    },
                    "extensions_CustomScript_storageAccountName": {
                        "value": "stgismarketplacepoc"
                    },
                    "extensions_CustomScript_storageAccountKey": {
                        "value": "D/CoP5h/s5WkaNOmWXel/t1arcixMDIJ2ryDCzy5XF3KO5RLvbFLXeNiFjsHfsG0B7Ych7pZ/xRy+ASt9L79PA=="
                    },
                    "extensions_CustomScript_commandToExecute": {
                        "value": "bash empty.sh"
                    },
                    "extensions_CustomScript_fileUris_1": {
                        "value": "https://stgismarketplacepoc.blob.core.windows.net/customextension/empty.sh"
                    },
                    "extensions_CustomScript_storageAccountName_1" : {
                        "value": "stgismarketplacepoc"
                    },
                    "extensions_CustomScript_storageAccountKey_1" : {
                        "value": "D/CoP5h/s5WkaNOmWXel/t1arcixMDIJ2ryDCzy5XF3KO5RLvbFLXeNiFjsHfsG0B7Ych7pZ/xRy+ASt9L79PA=="
                    },
                    "extensions_CustomScript_commandToExecute_1" : {
                        "value": "bash empty.sh"
                    }
                }
            }
        },
        {
            "type": "Microsoft.Resources/deployments",
            "apiVersion": "2023-07-01",
            "name": "loadBalancer",
            "dependsOn": [
                "vnet",
                "azureSqlServer",
                "vms"
            ],
            "properties": {
                "mode":"Incremental",
                "templateLink": {
                    "contentVersion": "1.0.0.0",
                    "uri": "[variables('artifacts').loadBalancer]"
                }
            }
        }
    ]
}
