{
    "$schema": "https://schema.management.azure.com/schemas/2019-04-01/deploymentTemplate.json#",
    "contentVersion": "1.0.0.0",
    "parameters": {
        "servers_sql_wso2_identity_server_name": {
            "defaultValue": "sql-wso2-identity-server",
            "type": "String"
        },
        "privateEndpoints_pvtep_wso2_identity_server_sql_name": {
            "defaultValue": "pvtep-wso2-identity-server-sql",
            "type": "String"
        },
        "privateDnsZones_privatelink_database_windows_net_name": {
            "defaultValue": "privatelink.database.windows.net",
            "type": "String"
        },
        "virtualNetworks_vm_wso2_identity_server_node_1_vnet_externalid": {
            "defaultValue": "/subscriptions/49d8698e-7ee0-4233-86aa-7335a542d379/resourceGroups/rg-is-marketplace-arm-template/providers/Microsoft.Network/virtualNetworks/vnet-wso2-identity-server-deployment",
            "type": "String"
        }
    },
    "variables": {},
    "resources": [
        {
            "type": "Microsoft.Network/privateDnsZones",
            "apiVersion": "2024-06-01",
            "name": "[parameters('privateDnsZones_privatelink_database_windows_net_name')]",
            "location": "global",
            "properties": {}
        },
        {
            "type": "Microsoft.Sql/servers",
            "apiVersion": "2024-05-01-preview",
            "name": "[parameters('servers_sql_wso2_identity_server_name')]",
            "location": "eastus2",
            "kind": "v12.0",
            "properties": {
                "administratorLogin": "dbserveradmin",
                "version": "12.0",
                "minimalTlsVersion": "1.2",
                "publicNetworkAccess": "Disabled",
                "restrictOutboundNetworkAccess": "Disabled"
            }
        },
        {
            "type": "Microsoft.Network/privateDnsZones/A",
            "apiVersion": "2024-06-01",
            "name": "[concat(parameters('privateDnsZones_privatelink_database_windows_net_name'), '/sql-wso2-identity-server')]",
            "dependsOn": [
                "[resourceId('Microsoft.Network/privateDnsZones', parameters('privateDnsZones_privatelink_database_windows_net_name'))]"
            ],
            "properties": {
                "ttl": 3600,
                "aRecords": [
                    {
                        "ipv4Address": "10.3.2.4"
                    }
                ]
            }
        },
        {
            "type": "Microsoft.Network/privateDnsZones/SOA",
            "apiVersion": "2024-06-01",
            "name": "[concat(parameters('privateDnsZones_privatelink_database_windows_net_name'), '/@')]",
            "dependsOn": [
                "[resourceId('Microsoft.Network/privateDnsZones', parameters('privateDnsZones_privatelink_database_windows_net_name'))]"
            ],
            "properties": {
                "ttl": 3600,
                "soaRecord": {
                    "email": "azureprivatedns-host.microsoft.com",
                    "expireTime": 2419200,
                    "host": "azureprivatedns.net",
                    "minimumTtl": 10,
                    "refreshTime": 3600,
                    "retryTime": 300,
                    "serialNumber": 1
                }
            }
        },
        {
            "type": "Microsoft.Network/privateDnsZones/virtualNetworkLinks",
            "apiVersion": "2024-06-01",
            "name": "[concat(parameters('privateDnsZones_privatelink_database_windows_net_name'), '/lvukvgirqia2i')]",
            "location": "global",
            "dependsOn": [
                "[resourceId('Microsoft.Network/privateDnsZones', parameters('privateDnsZones_privatelink_database_windows_net_name'))]"
            ],
            "properties": {
                "registrationEnabled": false,
                "resolutionPolicy": "Default",
                "virtualNetwork": {
                    "id": "[parameters('virtualNetworks_vm_wso2_identity_server_node_1_vnet_externalid')]"
                }
            }
        },
        {
            "type": "Microsoft.Network/privateEndpoints",
            "apiVersion": "2024-05-01",
            "name": "[parameters('privateEndpoints_pvtep_wso2_identity_server_sql_name')]",
            "location": "eastus2",
            "dependsOn": [
                "[resourceId('Microsoft.Sql/servers', parameters('servers_sql_wso2_identity_server_name'))]"
            ],
            "properties": {
                "privateLinkServiceConnections": [
                    {
                        "name": "[parameters('privateEndpoints_pvtep_wso2_identity_server_sql_name')]",
                        "id": "[concat(resourceId('Microsoft.Network/privateEndpoints', parameters('privateEndpoints_pvtep_wso2_identity_server_sql_name')), concat('/privateLinkServiceConnections/', parameters('privateEndpoints_pvtep_wso2_identity_server_sql_name')))]",
                        "properties": {
                            "privateLinkServiceId": "[resourceId('Microsoft.Sql/servers', parameters('servers_sql_wso2_identity_server_name'))]",
                            "groupIds": [
                                "sqlServer"
                            ],
                            "privateLinkServiceConnectionState": {
                                "status": "Approved",
                                "description": "Auto-approved",
                                "actionsRequired": "None"
                            }
                        }
                    }
                ],
                "manualPrivateLinkServiceConnections": [],
                "customNetworkInterfaceName": "[concat(parameters('privateEndpoints_pvtep_wso2_identity_server_sql_name'), '-nic')]",
                "subnet": {
                    "id": "[concat(parameters('virtualNetworks_vm_wso2_identity_server_node_1_vnet_externalid'), '/subnets/snet-private-endpoint')]"
                },
                "ipConfigurations": [],
                "customDnsConfigs": []
            }
        },
        {
            "type": "Microsoft.Sql/servers/connectionPolicies",
            "apiVersion": "2024-05-01-preview",
            "name": "[concat(parameters('servers_sql_wso2_identity_server_name'), '/default')]",
            "location": "eastus2",
            "dependsOn": [
                "[resourceId('Microsoft.Sql/servers', parameters('servers_sql_wso2_identity_server_name'))]"
            ],
            "properties": {
                "connectionType": "Default"
            }
        },
        {
            "type": "Microsoft.Sql/servers/databases",
            "apiVersion": "2024-05-01-preview",
            "name": "[concat(parameters('servers_sql_wso2_identity_server_name'), '/WSO2IDENTITY_DB')]",
            "location": "eastus2",
            "dependsOn": [
                "[resourceId('Microsoft.Sql/servers', parameters('servers_sql_wso2_identity_server_name'))]"
            ],
            "sku": {
                "name": "GP_S_Gen5",
                "tier": "GeneralPurpose",
                "family": "Gen5",
                "capacity": 2
            },
            "kind": "v12.0,user,vcore,serverless",
            "properties": {
                "collation": "SQL_Latin1_General_CP1_CI_AS",
                "maxSizeBytes": 34359738368,
                "catalogCollation": "SQL_Latin1_General_CP1_CI_AS",
                "zoneRedundant": false,
                "readScale": "Disabled",
                "autoPauseDelay": 120,
                "requestedBackupStorageRedundancy": "Local",
                "minCapacity": 0.5,
                "maintenanceConfigurationId": "/subscriptions/49d8698e-7ee0-4233-86aa-7335a542d379/providers/Microsoft.Maintenance/publicMaintenanceConfigurations/SQL_Default",
                "isLedgerOn": false,
                "availabilityZone": "NoPreference"
            }
        },
        {
            "type": "Microsoft.Sql/servers/databases",
            "apiVersion": "2024-05-01-preview",
            "name": "[concat(parameters('servers_sql_wso2_identity_server_name'), '/WSO2SHARED_DB')]",
            "location": "eastus2",
            "dependsOn": [
                "[resourceId('Microsoft.Sql/servers', parameters('servers_sql_wso2_identity_server_name'))]"
            ],
            "sku": {
                "name": "GP_S_Gen5",
                "tier": "GeneralPurpose",
                "family": "Gen5",
                "capacity": 2
            },
            "kind": "v12.0,user,vcore,serverless",
            "properties": {
                "collation": "SQL_Latin1_General_CP1_CI_AS",
                "maxSizeBytes": 34359738368,
                "catalogCollation": "SQL_Latin1_General_CP1_CI_AS",
                "zoneRedundant": false,
                "readScale": "Disabled",
                "autoPauseDelay": 120,
                "requestedBackupStorageRedundancy": "Local",
                "minCapacity": 0.5,
                "maintenanceConfigurationId": "/subscriptions/49d8698e-7ee0-4233-86aa-7335a542d379/providers/Microsoft.Maintenance/publicMaintenanceConfigurations/SQL_Default",
                "isLedgerOn": false,
                "availabilityZone": "NoPreference"
            }
        },
        {
            "type": "Microsoft.Sql/servers/databases",
            "apiVersion": "2024-05-01-preview",
            "name": "[concat(parameters('servers_sql_wso2_identity_server_name'), '/WSO2USER_DB')]",
            "location": "eastus2",
            "dependsOn": [
                "[resourceId('Microsoft.Sql/servers', parameters('servers_sql_wso2_identity_server_name'))]"
            ],
            "sku": {
                "name": "GP_S_Gen5",
                "tier": "GeneralPurpose",
                "family": "Gen5",
                "capacity": 2
            },
            "kind": "v12.0,user,vcore,serverless",
            "properties": {
                "collation": "SQL_Latin1_General_CP1_CI_AS",
                "maxSizeBytes": 34359738368,
                "catalogCollation": "SQL_Latin1_General_CP1_CI_AS",
                "zoneRedundant": false,
                "readScale": "Disabled",
                "autoPauseDelay": 120,
                "requestedBackupStorageRedundancy": "Local",
                "minCapacity": 0.5,
                "maintenanceConfigurationId": "/subscriptions/49d8698e-7ee0-4233-86aa-7335a542d379/providers/Microsoft.Maintenance/publicMaintenanceConfigurations/SQL_Default",
                "isLedgerOn": false,
                "availabilityZone": "NoPreference"
            }
        },
        {
            "type": "Microsoft.Sql/servers/databases/ledgerDigestUploads",
            "apiVersion": "2024-05-01-preview",
            "name": "[concat(parameters('servers_sql_wso2_identity_server_name'), '/master/Current')]",
            "dependsOn": [
                "[resourceId('Microsoft.Sql/servers', parameters('servers_sql_wso2_identity_server_name'))]"
            ],
            "properties": {}
        },
        {
            "type": "Microsoft.Sql/servers/firewallRules",
            "apiVersion": "2024-05-01-preview",
            "name": "[concat(parameters('servers_sql_wso2_identity_server_name'), '/AllowAllWindowsAzureIps')]",
            "dependsOn": [
                "[resourceId('Microsoft.Sql/servers', parameters('servers_sql_wso2_identity_server_name'))]"
            ],
            "properties": {
                "startIpAddress": "0.0.0.0",
                "endIpAddress": "0.0.0.0"
            }
        },
        {
            "type": "Microsoft.Sql/servers/keys",
            "apiVersion": "2024-05-01-preview",
            "name": "[concat(parameters('servers_sql_wso2_identity_server_name'), '/ServiceManaged')]",
            "dependsOn": [
                "[resourceId('Microsoft.Sql/servers', parameters('servers_sql_wso2_identity_server_name'))]"
            ],
            "kind": "servicemanaged",
            "properties": {
                "serverKeyType": "ServiceManaged"
            }
        },
        {
            "type": "Microsoft.Network/privateEndpoints/privateDnsZoneGroups",
            "apiVersion": "2024-05-01",
            "name": "[concat(parameters('privateEndpoints_pvtep_wso2_identity_server_sql_name'), '/default')]",
            "dependsOn": [
                "[resourceId('Microsoft.Network/privateEndpoints', parameters('privateEndpoints_pvtep_wso2_identity_server_sql_name'))]",
                "[resourceId('Microsoft.Network/privateDnsZones', parameters('privateDnsZones_privatelink_database_windows_net_name'))]"
            ],
            "properties": {
                "privateDnsZoneConfigs": [
                    {
                        "name": "privatelink-database-windows-net",
                        "properties": {
                            "privateDnsZoneId": "[resourceId('Microsoft.Network/privateDnsZones', parameters('privateDnsZones_privatelink_database_windows_net_name'))]"
                        }
                    }
                ]
            }
        },
        {
            "type": "Microsoft.Sql/servers/databases/backupLongTermRetentionPolicies",
            "apiVersion": "2024-05-01-preview",
            "name": "[concat(parameters('servers_sql_wso2_identity_server_name'), '/WSO2IDENTITY_DB/default')]",
            "dependsOn": [
                "[resourceId('Microsoft.Sql/servers/databases', parameters('servers_sql_wso2_identity_server_name'), 'WSO2IDENTITY_DB')]",
                "[resourceId('Microsoft.Sql/servers', parameters('servers_sql_wso2_identity_server_name'))]"
            ],
            "properties": {
                "weeklyRetention": "PT0S",
                "monthlyRetention": "PT0S",
                "yearlyRetention": "PT0S",
                "weekOfYear": 0
            }
        },
        {
            "type": "Microsoft.Sql/servers/databases/backupLongTermRetentionPolicies",
            "apiVersion": "2024-05-01-preview",
            "name": "[concat(parameters('servers_sql_wso2_identity_server_name'), '/WSO2SHARED_DB/default')]",
            "dependsOn": [
                "[resourceId('Microsoft.Sql/servers/databases', parameters('servers_sql_wso2_identity_server_name'), 'WSO2SHARED_DB')]",
                "[resourceId('Microsoft.Sql/servers', parameters('servers_sql_wso2_identity_server_name'))]"
            ],
            "properties": {
                "weeklyRetention": "PT0S",
                "monthlyRetention": "PT0S",
                "yearlyRetention": "PT0S",
                "weekOfYear": 0
            }
        },
        {
            "type": "Microsoft.Sql/servers/databases/backupLongTermRetentionPolicies",
            "apiVersion": "2024-05-01-preview",
            "name": "[concat(parameters('servers_sql_wso2_identity_server_name'), '/WSO2USER_DB/default')]",
            "dependsOn": [
                "[resourceId('Microsoft.Sql/servers/databases', parameters('servers_sql_wso2_identity_server_name'), 'WSO2USER_DB')]",
                "[resourceId('Microsoft.Sql/servers', parameters('servers_sql_wso2_identity_server_name'))]"
            ],
            "properties": {
                "weeklyRetention": "PT0S",
                "monthlyRetention": "PT0S",
                "yearlyRetention": "PT0S",
                "weekOfYear": 0
            }
        },
        {
            "type": "Microsoft.Sql/servers/databases/backupShortTermRetentionPolicies",
            "apiVersion": "2024-05-01-preview",
            "name": "[concat(parameters('servers_sql_wso2_identity_server_name'), '/WSO2IDENTITY_DB/default')]",
            "dependsOn": [
                "[resourceId('Microsoft.Sql/servers/databases', parameters('servers_sql_wso2_identity_server_name'), 'WSO2IDENTITY_DB')]",
                "[resourceId('Microsoft.Sql/servers', parameters('servers_sql_wso2_identity_server_name'))]"
            ],
            "properties": {
                "retentionDays": 7,
                "diffBackupIntervalInHours": 12
            }
        },
        {
            "type": "Microsoft.Sql/servers/databases/backupShortTermRetentionPolicies",
            "apiVersion": "2024-05-01-preview",
            "name": "[concat(parameters('servers_sql_wso2_identity_server_name'), '/WSO2SHARED_DB/default')]",
            "dependsOn": [
                "[resourceId('Microsoft.Sql/servers/databases', parameters('servers_sql_wso2_identity_server_name'), 'WSO2SHARED_DB')]",
                "[resourceId('Microsoft.Sql/servers', parameters('servers_sql_wso2_identity_server_name'))]"
            ],
            "properties": {
                "retentionDays": 7,
                "diffBackupIntervalInHours": 12
            }
        },
        {
            "type": "Microsoft.Sql/servers/databases/backupShortTermRetentionPolicies",
            "apiVersion": "2024-05-01-preview",
            "name": "[concat(parameters('servers_sql_wso2_identity_server_name'), '/WSO2USER_DB/default')]",
            "dependsOn": [
                "[resourceId('Microsoft.Sql/servers/databases', parameters('servers_sql_wso2_identity_server_name'), 'WSO2USER_DB')]",
                "[resourceId('Microsoft.Sql/servers', parameters('servers_sql_wso2_identity_server_name'))]"
            ],
            "properties": {
                "retentionDays": 7,
                "diffBackupIntervalInHours": 12
            }
        },
        {
            "type": "Microsoft.Sql/servers/databases/geoBackupPolicies",
            "apiVersion": "2024-05-01-preview",
            "name": "[concat(parameters('servers_sql_wso2_identity_server_name'), '/WSO2IDENTITY_DB/Default')]",
            "dependsOn": [
                "[resourceId('Microsoft.Sql/servers/databases', parameters('servers_sql_wso2_identity_server_name'), 'WSO2IDENTITY_DB')]",
                "[resourceId('Microsoft.Sql/servers', parameters('servers_sql_wso2_identity_server_name'))]"
            ],
            "properties": {
                "state": "Disabled"
            }
        },
        {
            "type": "Microsoft.Sql/servers/databases/geoBackupPolicies",
            "apiVersion": "2024-05-01-preview",
            "name": "[concat(parameters('servers_sql_wso2_identity_server_name'), '/WSO2SHARED_DB/Default')]",
            "dependsOn": [
                "[resourceId('Microsoft.Sql/servers/databases', parameters('servers_sql_wso2_identity_server_name'), 'WSO2SHARED_DB')]",
                "[resourceId('Microsoft.Sql/servers', parameters('servers_sql_wso2_identity_server_name'))]"
            ],
            "properties": {
                "state": "Disabled"
            }
        },
        {
            "type": "Microsoft.Sql/servers/databases/geoBackupPolicies",
            "apiVersion": "2024-05-01-preview",
            "name": "[concat(parameters('servers_sql_wso2_identity_server_name'), '/WSO2USER_DB/Default')]",
            "dependsOn": [
                "[resourceId('Microsoft.Sql/servers/databases', parameters('servers_sql_wso2_identity_server_name'), 'WSO2USER_DB')]",
                "[resourceId('Microsoft.Sql/servers', parameters('servers_sql_wso2_identity_server_name'))]"
            ],
            "properties": {
                "state": "Disabled"
            }
        },
        {
            "type": "Microsoft.Sql/servers/databases/ledgerDigestUploads",
            "apiVersion": "2024-05-01-preview",
            "name": "[concat(parameters('servers_sql_wso2_identity_server_name'), '/WSO2IDENTITY_DB/Current')]",
            "dependsOn": [
                "[resourceId('Microsoft.Sql/servers/databases', parameters('servers_sql_wso2_identity_server_name'), 'WSO2IDENTITY_DB')]",
                "[resourceId('Microsoft.Sql/servers', parameters('servers_sql_wso2_identity_server_name'))]"
            ],
            "properties": {}
        },
        {
            "type": "Microsoft.Sql/servers/databases/ledgerDigestUploads",
            "apiVersion": "2024-05-01-preview",
            "name": "[concat(parameters('servers_sql_wso2_identity_server_name'), '/WSO2SHARED_DB/Current')]",
            "dependsOn": [
                "[resourceId('Microsoft.Sql/servers/databases', parameters('servers_sql_wso2_identity_server_name'), 'WSO2SHARED_DB')]",
                "[resourceId('Microsoft.Sql/servers', parameters('servers_sql_wso2_identity_server_name'))]"
            ],
            "properties": {}
        },
        {
            "type": "Microsoft.Sql/servers/databases/ledgerDigestUploads",
            "apiVersion": "2024-05-01-preview",
            "name": "[concat(parameters('servers_sql_wso2_identity_server_name'), '/WSO2USER_DB/Current')]",
            "dependsOn": [
                "[resourceId('Microsoft.Sql/servers/databases', parameters('servers_sql_wso2_identity_server_name'), 'WSO2USER_DB')]",
                "[resourceId('Microsoft.Sql/servers', parameters('servers_sql_wso2_identity_server_name'))]"
            ],
            "properties": {}
        },
        {
            "type": "Microsoft.Sql/servers/databases/transparentDataEncryption",
            "apiVersion": "2024-05-01-preview",
            "name": "[concat(parameters('servers_sql_wso2_identity_server_name'), '/WSO2IDENTITY_DB/Current')]",
            "dependsOn": [
                "[resourceId('Microsoft.Sql/servers/databases', parameters('servers_sql_wso2_identity_server_name'), 'WSO2IDENTITY_DB')]",
                "[resourceId('Microsoft.Sql/servers', parameters('servers_sql_wso2_identity_server_name'))]"
            ],
            "properties": {
                "state": "Enabled"
            }
        },
        {
            "type": "Microsoft.Sql/servers/databases/transparentDataEncryption",
            "apiVersion": "2024-05-01-preview",
            "name": "[concat(parameters('servers_sql_wso2_identity_server_name'), '/WSO2SHARED_DB/Current')]",
            "dependsOn": [
                "[resourceId('Microsoft.Sql/servers/databases', parameters('servers_sql_wso2_identity_server_name'), 'WSO2SHARED_DB')]",
                "[resourceId('Microsoft.Sql/servers', parameters('servers_sql_wso2_identity_server_name'))]"
            ],
            "properties": {
                "state": "Enabled"
            }
        },
        {
            "type": "Microsoft.Sql/servers/databases/transparentDataEncryption",
            "apiVersion": "2024-05-01-preview",
            "name": "[concat(parameters('servers_sql_wso2_identity_server_name'), '/WSO2USER_DB/Current')]",
            "dependsOn": [
                "[resourceId('Microsoft.Sql/servers/databases', parameters('servers_sql_wso2_identity_server_name'), 'WSO2USER_DB')]",
                "[resourceId('Microsoft.Sql/servers', parameters('servers_sql_wso2_identity_server_name'))]"
            ],
            "properties": {
                "state": "Enabled"
            }
        },
        {
            "type": "Microsoft.Sql/servers/privateEndpointConnections",
            "apiVersion": "2024-05-01-preview",
            "name": "[concat(parameters('servers_sql_wso2_identity_server_name'), '/pvtep-wso2-identity-server-sql-38c4716a-8afb-463d-974d-4b45fb67b746')]",
            "dependsOn": [
                "[resourceId('Microsoft.Sql/servers', parameters('servers_sql_wso2_identity_server_name'))]",
                "[resourceId('Microsoft.Network/privateEndpoints', parameters('privateEndpoints_pvtep_wso2_identity_server_sql_name'))]"
            ],
            "properties": {
                "privateEndpoint": {
                    "id": "[resourceId('Microsoft.Network/privateEndpoints', parameters('privateEndpoints_pvtep_wso2_identity_server_sql_name'))]"
                },
                "privateLinkServiceConnectionState": {
                    "status": "Approved",
                    "description": "Auto-approved"
                }
            }
        }
    ]
}
