{
    "$schema": "https://schema.management.azure.com/schemas/2019-04-01/deploymentTemplate.json#",
    "contentVersion": "1.0.0.0",
    "parameters": {
        "loadBalancers_lb_wso2_identity_server_name": {
            "defaultValue": "lb-wso2-identity-server",
            "type": "String"
        },
        "publicIPAddresses_ip_lb_wso2_identity_server_name": {
            "defaultValue": "ip-lb-wso2-identity-server",
            "type": "String"
        }
    },
    "variables": {},
    "resources": [
        {
            "type": "Microsoft.Network/publicIPAddresses",
            "apiVersion": "2024-05-01",
            "name": "[parameters('publicIPAddresses_ip_lb_wso2_identity_server_name')]",
            "location": "eastus2",
            "sku": {
                "name": "Standard",
                "tier": "Regional"
            },
            "zones": [
                "3",
                "2",
                "1"
            ],
            "properties": {
                "ipAddress": "135.18.153.108",
                "publicIPAddressVersion": "IPv4",
                "publicIPAllocationMethod": "Static",
                "idleTimeoutInMinutes": 4,
                "ipTags": [],
                "ddosSettings": {
                    "protectionMode": "VirtualNetworkInherited"
                }
            }
        },
        {
            "type": "Microsoft.Network/loadBalancers",
            "apiVersion": "2024-05-01",
            "name": "[parameters('loadBalancers_lb_wso2_identity_server_name')]",
            "location": "eastus2",
            "dependsOn": [
                "[resourceId('Microsoft.Network/publicIPAddresses', parameters('publicIPAddresses_ip_lb_wso2_identity_server_name'))]"
            ],
            "sku": {
                "name": "Standard",
                "tier": "Regional"
            },
            "properties": {
                "frontendIPConfigurations": [
                    {
                        "name": "ipconfig-wso2-identity-server",
                        "id": "[concat(resourceId('Microsoft.Network/loadBalancers', parameters('loadBalancers_lb_wso2_identity_server_name')), '/frontendIPConfigurations/ipconfig-wso2-identity-server')]",
                        "properties": {
                            "privateIPAllocationMethod": "Dynamic",
                            "publicIPAddress": {
                                "id": "[resourceId('Microsoft.Network/publicIPAddresses', parameters('publicIPAddresses_ip_lb_wso2_identity_server_name'))]"
                            }
                        }
                    }
                ],
                "backendAddressPools": [
                    {
                        "name": "backend-wso2-identity-server",
                        "id": "[resourceId('Microsoft.Network/loadBalancers/backendAddressPools', parameters('loadBalancers_lb_wso2_identity_server_name'), 'backend-wso2-identity-server')]",
                        "properties": {
                            "loadBalancerBackendAddresses": [
                                {
                                    "name": "rg-is-marketplace-arm-template_vm-wso2-identity-server-node-2987_z1ipconfig1",
                                    "properties": {}
                                },
                                {
                                    "name": "rg-is-marketplace-arm-template_vm-wso2-identity-server-node-1826_z1ipconfig1",
                                    "properties": {}
                                }
                            ]
                        }
                    }
                ],
                "loadBalancingRules": [
                    {
                        "name": "lb-rule-wso2-identity-server",
                        "id": "[concat(resourceId('Microsoft.Network/loadBalancers', parameters('loadBalancers_lb_wso2_identity_server_name')), '/loadBalancingRules/lb-rule-wso2-identity-server')]",
                        "properties": {
                            "frontendIPConfiguration": {
                                "id": "[concat(resourceId('Microsoft.Network/loadBalancers', parameters('loadBalancers_lb_wso2_identity_server_name')), '/frontendIPConfigurations/ipconfig-wso2-identity-server')]"
                            },
                            "frontendPort": 443,
                            "backendPort": 9443,
                            "enableFloatingIP": false,
                            "idleTimeoutInMinutes": 4,
                            "protocol": "Tcp",
                            "enableTcpReset": false,
                            "loadDistribution": "SourceIP",
                            "disableOutboundSnat": true,
                            "backendAddressPool": {
                                "id": "[resourceId('Microsoft.Network/loadBalancers/backendAddressPools', parameters('loadBalancers_lb_wso2_identity_server_name'), 'backend-wso2-identity-server')]"
                            },
                            "backendAddressPools": [
                                {
                                    "id": "[resourceId('Microsoft.Network/loadBalancers/backendAddressPools', parameters('loadBalancers_lb_wso2_identity_server_name'), 'backend-wso2-identity-server')]"
                                }
                            ],
                            "probe": {
                                "id": "[concat(resourceId('Microsoft.Network/loadBalancers', parameters('loadBalancers_lb_wso2_identity_server_name')), '/probes/health-probe-identity-server')]"
                            }
                        }
                    }
                ],
                "probes": [
                    {
                        "name": "health-probe-identity-server",
                        "id": "[concat(resourceId('Microsoft.Network/loadBalancers', parameters('loadBalancers_lb_wso2_identity_server_name')), '/probes/health-probe-identity-server')]",
                        "properties": {
                            "protocol": "Https",
                            "port": 9443,
                            "requestPath": "/api/health-check/v1.0/health",
                            "intervalInSeconds": 20,
                            "numberOfProbes": 1,
                            "probeThreshold": 1,
                            "noHealthyBackendsBehavior": "AllProbedDown"
                        }
                    }
                ],
                "inboundNatRules": [],
                "outboundRules": [],
                "inboundNatPools": []
            }
        },
        {
            "type": "Microsoft.Network/loadBalancers/backendAddressPools",
            "apiVersion": "2024-05-01",
            "name": "[concat(parameters('loadBalancers_lb_wso2_identity_server_name'), '/backend-wso2-identity-server')]",
            "dependsOn": [
                "[resourceId('Microsoft.Network/loadBalancers', parameters('loadBalancers_lb_wso2_identity_server_name'))]"
            ],
            "properties": {
                "loadBalancerBackendAddresses": [
                    {
                        "name": "rg-is-marketplace-arm-template_vm-wso2-identity-server-node-2987_z1ipconfig1",
                        "properties": {}
                    },
                    {
                        "name": "rg-is-marketplace-arm-template_vm-wso2-identity-server-node-1826_z1ipconfig1",
                        "properties": {}
                    }
                ]
            }
        }
    ]
}
