{
    "$schema": "https://schema.management.azure.com/schemas/2019-04-01/deploymentTemplate.json#",
    "contentVersion": "1.0.0.0",
    "parameters": {
        "virtualNetworks_vnet_wso2_identity_server_deployment_name": {
            "defaultValue": "vnet-wso2-identity-server-deployment",
            "type": "String"
        },
        "networkSecurityGroups_nsg_vnet_wso2_identity_server_pvtep_name": {
            "defaultValue": "nsg-vnet-wso2-identity-server-pvtep",
            "type": "String"
        },
        "networkSecurityGroups_nsg_vnet_wso2_identity_server_vm_name": {
            "defaultValue": "nsg-vnet-wso2-identity-server-vm",
            "type": "String"
        }
    },
    "variables": {},
    "resources": [
        {
            "type": "Microsoft.Network/networkSecurityGroups",
            "apiVersion": "2024-05-01",
            "name": "[parameters('networkSecurityGroups_nsg_vnet_wso2_identity_server_vm_name')]",
            "location": "eastus2",
            "properties": {
                "securityRules": [
                    {
                        "name": "AllowAnySSHInbound",
                        "id": "[resourceId('Microsoft.Network/networkSecurityGroups/securityRules', parameters('networkSecurityGroups_nsg_vnet_wso2_identity_server_vm_name'), 'AllowAnySSHInbound')]",
                        "type": "Microsoft.Network/networkSecurityGroups/securityRules",
                        "properties": {
                            "protocol": "TCP",
                            "sourcePortRange": "*",
                            "destinationPortRange": "22",
                            "sourceAddressPrefix": "*",
                            "destinationAddressPrefix": "*",
                            "access": "Allow",
                            "priority": 100,
                            "direction": "Inbound",
                            "sourcePortRanges": [],
                            "destinationPortRanges": [],
                            "sourceAddressPrefixes": [],
                            "destinationAddressPrefixes": []
                        }
                    },
                    {
                        "name": "AllowAnyCustom9443Inbound",
                        "id": "[resourceId('Microsoft.Network/networkSecurityGroups/securityRules', parameters('networkSecurityGroups_nsg_vnet_wso2_identity_server_vm_name'), 'AllowAnyCustom9443Inbound')]",
                        "type": "Microsoft.Network/networkSecurityGroups/securityRules",
                        "properties": {
                            "protocol": "TCP",
                            "sourcePortRange": "*",
                            "destinationPortRange": "9443",
                            "sourceAddressPrefix": "*",
                            "destinationAddressPrefix": "*",
                            "access": "Allow",
                            "priority": 110,
                            "direction": "Inbound",
                            "sourcePortRanges": [],
                            "destinationPortRanges": [],
                            "sourceAddressPrefixes": [],
                            "destinationAddressPrefixes": []
                        }
                    }
                ]
            }
        },
        {
            "type": "Microsoft.Network/networkSecurityGroups",
            "apiVersion": "2024-05-01",
            "name": "[parameters('networkSecurityGroups_nsg_vnet_wso2_identity_server_pvtep_name')]",
            "location": "eastus2",
            "properties": {
                "securityRules": []
            }
        },
        {
            "type": "Microsoft.Network/networkSecurityGroups/securityRules",
            "apiVersion": "2024-05-01",
            "name": "[concat(parameters('networkSecurityGroups_nsg_vnet_wso2_identity_server_vm_name'), '/AllowAnyCustom9443Inbound')]",
            "dependsOn": [
                "[resourceId('Microsoft.Network/networkSecurityGroups', parameters('networkSecurityGroups_nsg_vnet_wso2_identity_server_vm_name'))]"
            ],
            "properties": {
                "protocol": "TCP",
                "sourcePortRange": "*",
                "destinationPortRange": "9443",
                "sourceAddressPrefix": "*",
                "destinationAddressPrefix": "*",
                "access": "Allow",
                "priority": 110,
                "direction": "Inbound",
                "sourcePortRanges": [],
                "destinationPortRanges": [],
                "sourceAddressPrefixes": [],
                "destinationAddressPrefixes": []
            }
        },
        {
            "type": "Microsoft.Network/networkSecurityGroups/securityRules",
            "apiVersion": "2024-05-01",
            "name": "[concat(parameters('networkSecurityGroups_nsg_vnet_wso2_identity_server_vm_name'), '/AllowAnySSHInbound')]",
            "dependsOn": [
                "[resourceId('Microsoft.Network/networkSecurityGroups', parameters('networkSecurityGroups_nsg_vnet_wso2_identity_server_vm_name'))]"
            ],
            "properties": {
                "protocol": "TCP",
                "sourcePortRange": "*",
                "destinationPortRange": "22",
                "sourceAddressPrefix": "*",
                "destinationAddressPrefix": "*",
                "access": "Allow",
                "priority": 100,
                "direction": "Inbound",
                "sourcePortRanges": [],
                "destinationPortRanges": [],
                "sourceAddressPrefixes": [],
                "destinationAddressPrefixes": []
            }
        },
        {
            "type": "Microsoft.Network/virtualNetworks/subnets",
            "apiVersion": "2024-05-01",
            "name": "[concat(parameters('virtualNetworks_vnet_wso2_identity_server_deployment_name'), '/default')]",
            "dependsOn": [
                "[resourceId('Microsoft.Network/virtualNetworks', parameters('virtualNetworks_vnet_wso2_identity_server_deployment_name'))]"
            ],
            "properties": {
                "addressPrefix": "10.3.0.0/24",
                "delegations": [],
                "privateEndpointNetworkPolicies": "Disabled",
                "privateLinkServiceNetworkPolicies": "Enabled"
            }
        },
        {
            "type": "Microsoft.Network/virtualNetworks",
            "apiVersion": "2024-05-01",
            "name": "[parameters('virtualNetworks_vnet_wso2_identity_server_deployment_name')]",
            "location": "eastus2",
            "dependsOn": [
                "[resourceId('Microsoft.Network/networkSecurityGroups', parameters('networkSecurityGroups_nsg_vnet_wso2_identity_server_vm_name'))]",
                "[resourceId('Microsoft.Network/networkSecurityGroups', parameters('networkSecurityGroups_nsg_vnet_wso2_identity_server_pvtep_name'))]"
            ],
            "properties": {
                "addressSpace": {
                    "addressPrefixes": [
                        "10.3.0.0/16"
                    ]
                },
                "privateEndpointVNetPolicies": "Disabled",
                "subnets": [
                    {
                        "name": "default",
                        "id": "[resourceId('Microsoft.Network/virtualNetworks/subnets', parameters('virtualNetworks_vnet_wso2_identity_server_deployment_name'), 'default')]",
                        "properties": {
                            "addressPrefix": "10.3.0.0/24",
                            "delegations": [],
                            "privateEndpointNetworkPolicies": "Disabled",
                            "privateLinkServiceNetworkPolicies": "Enabled"
                        },
                        "type": "Microsoft.Network/virtualNetworks/subnets"
                    },
                    {
                        "name": "snet-vm-nodes",
                        "id": "[resourceId('Microsoft.Network/virtualNetworks/subnets', parameters('virtualNetworks_vnet_wso2_identity_server_deployment_name'), 'snet-vm-nodes')]",
                        "properties": {
                            "addressPrefix": "10.3.1.0/24",
                            "networkSecurityGroup": {
                                "id": "[resourceId('Microsoft.Network/networkSecurityGroups', parameters('networkSecurityGroups_nsg_vnet_wso2_identity_server_vm_name'))]"
                            },
                            "delegations": [],
                            "privateEndpointNetworkPolicies": "Disabled",
                            "privateLinkServiceNetworkPolicies": "Enabled"
                        },
                        "type": "Microsoft.Network/virtualNetworks/subnets"
                    },
                    {
                        "name": "snet-private-endpoint",
                        "id": "[resourceId('Microsoft.Network/virtualNetworks/subnets', parameters('virtualNetworks_vnet_wso2_identity_server_deployment_name'), 'snet-private-endpoint')]",
                        "properties": {
                            "addressPrefix": "10.3.2.0/24",
                            "networkSecurityGroup": {
                                "id": "[resourceId('Microsoft.Network/networkSecurityGroups', parameters('networkSecurityGroups_nsg_vnet_wso2_identity_server_pvtep_name'))]"
                            },
                            "delegations": [],
                            "privateEndpointNetworkPolicies": "Disabled",
                            "privateLinkServiceNetworkPolicies": "Enabled"
                        },
                        "type": "Microsoft.Network/virtualNetworks/subnets"
                    }
                ],
                "virtualNetworkPeerings": [],
                "enableDdosProtection": false
            }
        },
        {
            "type": "Microsoft.Network/virtualNetworks/subnets",
            "apiVersion": "2024-05-01",
            "name": "[concat(parameters('virtualNetworks_vnet_wso2_identity_server_deployment_name'), '/snet-private-endpoint')]",
            "dependsOn": [
                "[resourceId('Microsoft.Network/virtualNetworks', parameters('virtualNetworks_vnet_wso2_identity_server_deployment_name'))]",
                "[resourceId('Microsoft.Network/networkSecurityGroups', parameters('networkSecurityGroups_nsg_vnet_wso2_identity_server_pvtep_name'))]"
            ],
            "properties": {
                "addressPrefix": "10.3.2.0/24",
                "networkSecurityGroup": {
                    "id": "[resourceId('Microsoft.Network/networkSecurityGroups', parameters('networkSecurityGroups_nsg_vnet_wso2_identity_server_pvtep_name'))]"
                },
                "delegations": [],
                "privateEndpointNetworkPolicies": "Disabled",
                "privateLinkServiceNetworkPolicies": "Enabled"
            }
        },
        {
            "type": "Microsoft.Network/virtualNetworks/subnets",
            "apiVersion": "2024-05-01",
            "name": "[concat(parameters('virtualNetworks_vnet_wso2_identity_server_deployment_name'), '/snet-vm-nodes')]",
            "dependsOn": [
                "[resourceId('Microsoft.Network/virtualNetworks', parameters('virtualNetworks_vnet_wso2_identity_server_deployment_name'))]",
                "[resourceId('Microsoft.Network/networkSecurityGroups', parameters('networkSecurityGroups_nsg_vnet_wso2_identity_server_vm_name'))]"
            ],
            "properties": {
                "addressPrefix": "10.3.1.0/24",
                "networkSecurityGroup": {
                    "id": "[resourceId('Microsoft.Network/networkSecurityGroups', parameters('networkSecurityGroups_nsg_vnet_wso2_identity_server_vm_name'))]"
                },
                "delegations": [],
                "privateEndpointNetworkPolicies": "Disabled",
                "privateLinkServiceNetworkPolicies": "Enabled"
            }
        }
    ]
}
